customer_id,claim_id,incident_cause,claim_date,claim_area
21868593,54004764,Driver error,11/27/2017,Auto
75740424,33985796,Crime,10/03/2018,Home
30308357,53522022,Other driver error,02/02/2018,Auto
47830476,13015401,Natural causes,06/17/2018,Auto
19269962,22890252,Crime,01/13/2018,Auto
21831191,24050443,Other driver error,10/04/2017,Auto
18401412,12878692,Driver error,01/13/2018,Auto
73486606,27026412,Natural causes,04/10/2018,Auto
32813689,43908336,Crime,02/15/2018,Auto
33507197,63246959,Crime,07/22/2017,Auto
99103685,74165873,Other driver error,01/13/2018,Home
51583214,28564401,Other driver error,12/10/2017,Auto
35875366,72738047,Other driver error,04/24/2018,Auto
21240703,53780662,Other driver error,09/19/2018,Auto
18288638,67257404,Other driver error,04/24/2018,Auto
63240241,35489765,Natural causes,10/03/2018,Auto
1407979,12548447,Driver error,06/03/2018,Auto
63916778,7809917,Other causes,07/22/2017,Auto
17004138,29205389,Natural causes,06/25/2017,Auto
9667764,19051665,Other causes,12/17/2017,Auto
75584003,32630720,Crime,02/03/2017,Auto
90012444,17910612,Other driver error,08/24/2017,Auto
10665308,46956597,Natural causes,07/20/2018,Auto
35597589,68848682,Other driver error,05/29/2017,Auto
1924109,8782253,Driver error,09/14/2017,Auto
12871942,41262918,Natural causes,04/25/2017,Auto
32155446,71088680,Driver error,12/24/2017,Auto
35876516,54764639,Driver error,08/10/2018,Auto
13265356,52278305,Driver error,10/17/2017,Home
80379865,18210740,Natural causes,02/09/2018,Auto
64899302,22215431,Other driver error,06/23/2018,Auto
11278282,10738822,Natural causes,08/10/2018,Auto
90425966,7800059,Driver error,03/01/2018,Auto
70459181,16773361,Other driver error,10/10/2017,Auto
91546921,99427250,Crime,05/21/2018,Home
26489135,70399158,Driver error,07/01/2017,Auto
76422302,5481268,Crime,10/31/2017,Home
27205554,13167216,Driver error,05/14/2018,Auto
60225946,30942972,Other causes,02/17/2017,Auto
34790013,13578273,Other driver error,12/24/2017,Auto
53333796,22639991,Other causes,10/09/2018,Auto
28307541,73894966,Driver error,11/27/2017,Auto
85536059,64959397,Other driver error,04/25/2017,Auto
54642094,3673097,Driver error,04/12/2017,Auto
47091036,58245818,Driver error,07/27/2018,Home
48277275,83744906,Other driver error,04/12/2017,Auto
75252854,14836805,Other driver error,02/23/2017,Auto
31012778,28636278,Other causes,03/01/2018,Auto
84571128,96749077,Natural causes,05/15/2017,Auto
38286862,40638641,Other causes,10/31/2017,Auto
1163515,94303580,Crime,04/25/2017,Auto
18361978,39647651,Other causes,08/31/2017,Auto
94953428,97983922,Other causes,06/18/2017,Auto
42333031,42420540,Other causes,02/22/2018,Auto
91786228,25108581,Other driver error,06/23/2018,Auto
61051505,54192772,Other driver error,07/01/2017,Auto
8132649,47783756,Other driver error,11/20/2017,Auto
49428676,14730852,Other causes,06/17/2018,Auto
77436411,37727681,Other driver error,02/02/2018,Auto
44319192,87229793,Other causes,04/10/2018,Auto
57510487,73138939,Driver error,12/10/2017,Auto
62797342,23504103,Other driver error,02/09/2018,Auto
56923917,29613369,Other driver error,05/21/2018,Auto
83088652,21972507,Driver error,01/14/2017,Auto
53087364,42737631,Other causes,07/22/2017,Home
9089663,95352573,Other driver error,11/20/2017,Auto
83290720,43973221,Driver error,09/26/2018,Auto
78364565,79089153,Other causes,02/10/2017,Auto
99761663,37305754,Natural causes,04/04/2018,Auto
6298259,55252454,Natural causes,05/29/2017,Auto
51936868,20332975,Natural causes,08/16/2018,Auto
35907845,69101899,Crime,05/14/2018,Auto
17390816,49234022,Natural causes,03/29/2017,Auto
9908654,85585944,Other driver error,06/23/2018,Auto
47228798,35407789,Crime,01/21/2017,Auto
11593991,26332402,Other causes,03/01/2018,Auto
15036122,50337100,Other driver error,07/20/2018,Auto
59046302,1886311,Driver error,04/04/2018,Auto
74058124,84635473,Driver error,01/13/2018,Auto
95221640,99210077,Crime,05/21/2018,Auto
5956033,57876931,Other driver error,02/09/2018,Auto
91462331,11951632,Driver error,02/15/2018,Auto
7946799,61170397,Other causes,07/27/2018,Auto
83884401,66546485,Driver error,05/22/2017,Auto
36498462,62769771,Driver error,06/11/2017,Auto
88191021,87452238,Driver error,10/04/2017,Auto
88567908,99573716,Driver error,01/27/2017,Auto
72896975,39128289,Other driver error,07/08/2017,Auto
85650096,64573390,Crime,08/03/2018,Auto
51349085,2181243,Crime,10/17/2017,Auto
90202451,51685791,Other driver error,11/20/2017,Auto
55180831,1633198,Other driver error,09/07/2017,Auto
14433043,15165423,Driver error,06/30/2018,Auto
56590042,76552623,Other causes,11/06/2017,Auto
43870673,64731876,Other causes,05/22/2017,Auto
84734050,95376481,Crime,05/28/2018,Auto
73246256,21229844,Crime,11/13/2017,Auto
2632562,4506676,Other driver error,05/14/2018,Home
74125758,712628,Other causes,11/27/2017,Auto
92752865,82144259,Driver error,04/25/2017,Auto
47086007,93009471,Other causes,03/09/2017,Auto
33987747,23721504,Driver error,01/14/2017,Auto
37312925,43899763,Driver error,10/31/2017,Auto
13233814,4821698,Other causes,07/08/2017,Auto
32561536,34488157,Natural causes,11/06/2017,Auto
73456835,79953107,Other driver error,10/16/2018,Auto
84767457,77727200,Driver error,12/03/2017,Auto
31901720,33038715,Crime,03/21/2018,Auto
67885239,10744544,Driver error,05/28/2018,Auto
94448966,67043170,Other driver error,10/16/2018,Auto
94633091,98303926,Crime,06/25/2017,Auto
90116906,84863978,Driver error,11/13/2017,Auto
82832313,48203523,Other driver error,12/03/2017,Auto
87993949,73460630,Other causes,06/23/2018,Auto
61810954,65335959,Other driver error,09/19/2018,Auto
55782839,38446319,Other causes,12/17/2017,Auto
39587790,39131766,Other causes,01/01/2017,Auto
14293434,9961723,Other driver error,05/22/2017,Home
46620413,8405500,Other causes,03/02/2017,Auto
53798973,58103215,Other driver error,05/01/2018,Auto
15556454,7316148,Crime,03/14/2018,Auto
61497833,35026470,Other driver error,11/06/2017,Auto
92889077,57560277,Natural causes,03/08/2018,Home
19171044,19911335,Driver error,04/12/2017,Auto
93291407,54506772,Other driver error,07/28/2017,Auto
96710523,11618238,Other causes,03/21/2018,Home
52542420,46248222,Other driver error,04/10/2018,Auto
37741743,13774284,Natural causes,03/08/2018,Auto
48145469,30488859,Other causes,04/10/2018,Auto
25709472,52959888,Other driver error,10/23/2018,Auto
58402401,4112041,Other causes,09/12/2018,Auto
23092790,12179959,Crime,08/03/2018,Auto
62476442,59404655,Natural causes,05/15/2017,Auto
39943087,5176652,Other driver error,03/16/2017,Auto
41265642,1657284,Crime,07/22/2017,Auto
73383008,72074471,Other driver error,02/09/2018,Auto
77896466,36664338,Driver error,12/17/2017,Auto
83526368,50826770,Crime,10/03/2018,Auto
31439710,64209730,Other driver error,07/20/2018,Home
30227653,49955266,Other driver error,09/07/2017,Auto
86993944,44581152,Other driver error,12/30/2017,Auto
65728108,32116508,Other causes,10/09/2018,Auto
45539668,48559754,Other driver error,12/30/2017,Auto
3159546,26716331,Other driver error,04/25/2017,Auto
88449349,74738945,Other causes,09/12/2018,Auto
35937389,30532684,Natural causes,02/23/2017,Auto
19441247,81488988,Natural causes,07/22/2017,Auto
7208859,71767146,Crime,07/01/2017,Auto
65950591,67042203,Driver error,01/14/2017,Auto
2327487,66578763,Driver error,05/07/2018,Auto
30722342,30930636,Driver error,04/04/2018,Home
31289360,30119116,Other driver error,02/23/2017,Auto
24826170,45189268,Driver error,07/08/2017,Auto
14860484,5567470,Other causes,03/29/2017,Auto
39642700,46868258,Driver error,12/10/2017,Auto
3689105,74988783,Crime,04/18/2017,Auto
58850120,80080381,Crime,02/23/2017,Auto
76965994,50617945,Crime,03/09/2017,Auto
14490971,3589979,Crime,09/19/2018,Auto
88277241,33643946,Other causes,07/08/2017,Auto
87386746,71464126,Other causes,07/20/2018,Auto
55157616,19241230,Other driver error,04/25/2017,Auto
55593844,8499165,Other causes,07/22/2017,Auto
72556809,65264955,Other causes,08/16/2018,Auto
45653187,66703144,Natural causes,04/04/2018,Home
48538925,66892177,Other causes,06/04/2017,Auto
68724425,75262517,Natural causes,06/10/2018,Auto
50817031,7883163,Crime,01/26/2018,Auto
16836323,88126193,Crime,01/14/2017,Auto
72701589,57237955,Driver error,07/20/2018,Auto
88126167,26752193,Crime,04/18/2017,Auto
50642114,94297538,Other driver error,01/06/2018,Auto
32180678,90714815,Other causes,08/11/2017,Auto
74155265,25647821,Natural causes,01/01/2017,Auto
26168099,56330110,Natural causes,05/07/2018,Auto
804961,87184588,Other causes,10/10/2017,Auto
25823839,18636027,Driver error,10/10/2017,Auto
61745840,90591192,Other driver error,01/01/2017,Home
86024944,18700750,Other driver error,07/15/2017,Auto
40080423,72789616,Other driver error,08/30/2018,Auto
14275512,19132019,Driver error,10/09/2018,Auto
70442756,21361160,Natural causes,01/06/2018,Auto
36829984,80894091,Other driver error,02/22/2018,Auto
68772500,21550521,Driver error,08/30/2018,Auto
154557,69348631,Driver error,04/10/2018,Auto
97640137,86624774,Driver error,02/02/2018,Auto
49270602,2040094,Other causes,06/17/2018,Auto
25021031,93354997,Other causes,01/06/2018,Auto
2590748,61761215,Other driver error,10/03/2018,Auto
98905793,17871003,Other driver error,09/19/2018,Auto
39495715,90504501,Driver error,08/31/2017,Auto
64840478,23636125,Other driver error,01/01/2017,Auto
30541131,73972734,Other driver error,08/11/2017,Home
51503228,2322078,Driver error,12/17/2017,Auto
57959733,94870378,Other driver error,07/22/2017,Auto
82415154,46572741,Other driver error,06/11/2017,Auto
67861420,50960913,Other causes,02/15/2018,Auto
16811546,91841652,Crime,08/10/2018,Auto
74840885,73800450,Crime,03/14/2018,Home
95719884,14457951,Crime,05/22/2017,Auto
22856223,82692173,Other causes,04/12/2017,Auto
26965990,2262550,Other causes,02/23/2017,Auto
48447568,91210035,Driver error,10/24/2017,Auto
16102401,19333178,Driver error,08/18/2017,Home
26448215,36685947,Natural causes,02/03/2017,Auto
40922910,84933468,Other driver error,02/03/2017,Auto
43293983,61672806,Other causes,08/11/2017,Auto
51195864,1189987,Other driver error,09/20/2017,Auto
36395486,43722644,Other causes,01/07/2017,Home
32850276,24499353,Natural causes,10/09/2018,Home
94041088,70086627,Natural causes,12/10/2017,Home
90718924,97233183,Other causes,01/21/2017,Home
51278451,70332189,Other driver error,03/01/2018,Auto
16868327,3883874,Driver error,01/14/2017,Auto
32269248,94714143,Other driver error,07/07/2018,Auto
35410919,22295924,Crime,06/04/2017,Auto
20716946,80976947,Other driver error,03/21/2018,Auto
90102508,93075008,Natural causes,03/28/2018,Auto
40744509,46968995,Other causes,06/25/2017,Auto
51460517,23840141,Other causes,06/18/2017,Auto
9677945,5694962,Other causes,09/26/2018,Auto
34297743,3485777,Natural causes,07/28/2017,Auto
17682060,49735712,Crime,10/30/2018,Home
29750601,718760,Other driver error,10/24/2017,Auto
97698815,81849361,Natural causes,02/17/2017,Auto
28920170,19639145,Crime,11/13/2017,Auto
55572419,6535473,Other causes,05/09/2017,Auto
77219712,61374372,Other causes,01/01/2017,Auto
39286853,24759210,Other driver error,10/03/2018,Auto
47226965,6795457,Driver error,09/07/2017,Auto
68757979,27087847,Natural causes,10/31/2017,Auto
69956308,93818470,Natural causes,01/13/2018,Auto
47603757,65784642,Driver error,04/24/2018,Auto
83534717,98203403,Natural causes,04/12/2017,Auto
40480522,52377605,Driver error,10/30/2018,Auto
86597605,79350008,Driver error,09/27/2017,Auto
7829022,35620656,Driver error,11/13/2017,Auto
77985379,95022138,Other driver error,07/01/2017,Auto
2826434,24834777,Driver error,04/25/2017,Home
16548727,94426134,Other causes,11/06/2017,Auto
94267140,67394855,Other driver error,04/12/2017,Auto
5637733,15859475,Crime,10/10/2017,Auto
684748,7238381,Other driver error,07/14/2018,Auto
65047878,27131115,Natural causes,02/03/2017,Auto
84614509,63175077,Driver error,06/23/2018,Home
93766634,4869668,Other causes,06/23/2018,Auto
68712439,29078722,Other driver error,06/17/2018,Home
88785895,62679663,Driver error,02/22/2018,Auto
33924586,29981557,Natural causes,04/04/2018,Auto
1852176,59259291,Driver error,04/17/2018,Auto
58107776,35839635,Other driver error,04/25/2017,Auto
30743608,46356995,Other causes,03/22/2017,Auto
50530333,44524224,Crime,06/04/2017,Auto
29282358,56720636,Other driver error,01/13/2018,Auto
55375167,5854580,Crime,04/05/2017,Home
37692329,24230132,Driver error,08/16/2018,Auto
2753882,13479108,Natural causes,07/01/2017,Auto
88219691,63532473,Other causes,09/14/2017,Auto
67722830,25246596,Driver error,08/04/2017,Auto
11321295,31574986,Driver error,02/03/2017,Auto
28502965,6267263,Natural causes,10/10/2017,Auto
51782731,99444302,Other driver error,02/03/2017,Home
76395629,75651365,Other causes,01/27/2017,Auto
20960664,18499217,Natural causes,08/10/2018,Auto
79683883,56848907,Other driver error,09/07/2017,Auto
33388786,30755644,Other causes,04/18/2017,Auto
52361935,2741337,Natural causes,10/17/2017,Auto
97038550,86070727,Other driver error,02/22/2018,Home
25911554,2913034,Natural causes,06/03/2018,Auto
43834942,74906328,Natural causes,07/01/2017,Auto
17242900,95114913,Crime,11/13/2017,Auto
54094880,34621474,Other driver error,02/17/2017,Auto
59809467,52223434,Other driver error,05/28/2018,Auto
62204138,93028492,Driver error,10/31/2017,Auto
93993324,76384782,Driver error,06/04/2017,Auto
84995304,79219792,Other driver error,08/30/2018,Home
70955654,25014071,Crime,10/04/2017,Home
43274276,86017636,Other driver error,02/15/2018,Auto
23236713,45535504,Driver error,03/14/2018,Auto
76501371,80169462,Driver error,02/15/2018,Auto
56554262,42474249,Other causes,10/09/2018,Auto
48123202,4567648,Other driver error,08/31/2017,Auto
93915431,99775483,Other causes,10/30/2018,Auto
38560100,8322480,Other driver error,03/16/2017,Auto
31544049,83960449,Driver error,11/27/2017,Auto
68615086,66563034,Driver error,07/07/2018,Auto
55535045,95437929,Driver error,04/05/2017,Auto
17988592,94981713,Other causes,07/28/2017,Auto
4883962,59593960,Driver error,07/15/2017,Auto
33812279,4367748,Other causes,05/22/2017,Auto
81854173,96241162,Other driver error,05/09/2017,Auto
24579061,11682102,Natural causes,01/07/2017,Auto
29478976,26104084,Crime,05/21/2018,Auto
10462042,38641457,Other causes,08/03/2018,Home
52265112,51316495,Other driver error,06/11/2017,Auto
53900680,68533229,Other causes,03/29/2017,Home
69784779,70210720,Other driver error,05/21/2018,Auto
26810768,38508652,Other causes,07/01/2017,Auto
82637319,10080081,Other causes,10/31/2017,Auto
69546065,6515806,Crime,06/18/2017,Auto
67427492,2056210,Driver error,05/29/2017,Auto
18213216,2581621,Other causes,09/12/2018,Auto
98204394,25688619,Driver error,02/10/2017,Home
63413368,43680480,Driver error,06/30/2018,Auto
91136854,14698666,Other driver error,01/06/2018,Auto
11187680,18917146,Other driver error,03/29/2017,Auto
88205075,82224237,Other causes,03/16/2017,Auto
40728123,52339239,Other causes,02/10/2017,Auto
65176092,9476314,Other causes,01/01/2017,Auto
84229777,56133273,Natural causes,08/11/2017,Auto
76093960,79752814,Other causes,05/29/2017,Auto
36994344,71517851,Natural causes,07/27/2018,Auto
68043300,29519925,Other driver error,03/21/2018,Auto
28901669,2980099,Crime,02/02/2018,Auto
86916099,59959117,Other driver error,04/05/2017,Auto
29826894,87350000,Other driver error,11/06/2017,Auto
79637467,87230026,Other causes,02/17/2017,Auto
36632227,9588683,Other driver error,03/09/2017,Auto
77510822,87329176,Other driver error,10/30/2018,Auto
2651069,3329988,Other driver error,09/07/2017,Auto
8150738,72207767,Natural causes,05/01/2018,Auto
67268108,96723243,Other driver error,03/08/2018,Auto
53907868,14024069,Other causes,04/17/2018,Auto
86246733,74762827,Driver error,12/10/2017,Auto
45568489,78826857,Other driver error,05/09/2017,Auto
28032985,96335300,Other causes,03/02/2017,Auto
33210182,45953414,Crime,01/13/2018,Auto
24731784,81667658,Natural causes,07/07/2018,Auto
36126424,5222877,Driver error,10/23/2018,Auto
95452498,76523655,Other causes,04/05/2017,Auto
22756942,70512964,Driver error,01/01/2017,Auto
62489316,13217364,Other causes,08/31/2017,Auto
4825461,6174643,Other driver error,07/15/2017,Auto
63915259,89056979,Other causes,09/26/2018,Home
6723724,94690483,Natural causes,09/27/2017,Auto
51719336,84029944,Other causes,01/20/2018,Home
89808931,52259939,Driver error,07/20/2018,Home
55105629,40350951,Natural causes,10/17/2017,Auto
79076502,71274497,Other driver error,10/31/2017,Auto
81131066,49550521,Other causes,12/30/2017,Auto
75995055,45433267,Other causes,06/17/2018,Auto
24425429,43558718,Natural causes,10/16/2018,Auto
51382348,3465669,Natural causes,02/23/2017,Home
18842829,79446773,Driver error,03/02/2017,Auto
98180346,172149,Other causes,06/04/2017,Auto
53013094,52442756,Natural causes,06/30/2018,Auto
25263633,79612644,Other causes,06/10/2018,Auto
16444738,61900903,Other causes,08/31/2017,Auto
64231993,15605014,Natural causes,03/01/2018,Home
89530919,81628285,Driver error,04/24/2018,Auto
38011078,98795403,Crime,10/30/2018,Auto
76314493,49252712,Other driver error,09/14/2017,Home
51975640,60882662,Other driver error,10/16/2018,Auto
47593642,35866339,Crime,04/04/2018,Auto
42439009,80529502,Driver error,03/01/2018,Auto
51613894,41063309,Other causes,03/28/2018,Home
49078798,69278867,Natural causes,02/02/2018,Auto
17822772,49821811,Driver error,03/14/2018,Auto
94643289,34596802,Driver error,03/14/2018,Auto
47535244,3366766,Natural causes,06/10/2018,Auto
70770204,18972174,Driver error,04/17/2018,Auto
92171044,32084957,Driver error,07/15/2017,Auto
98218159,44626119,Other driver error,12/10/2017,Auto
24112592,18497939,Other driver error,03/28/2018,Auto
97053819,2031695,Other causes,06/03/2018,Auto
88484857,31272774,Other causes,09/19/2018,Auto
89965541,62487859,Driver error,12/10/2017,Auto
96431710,1374365,Crime,08/24/2017,Auto
13059025,33911305,Natural causes,07/28/2017,Auto
49481916,3311108,Other causes,09/19/2018,Auto
10956208,28520503,Natural causes,02/02/2018,Auto
43059280,76387481,Natural causes,06/25/2017,Home
92971195,92399694,Other driver error,09/26/2018,Home
97578924,49171996,Other causes,08/23/2018,Home
81790039,33733739,Driver error,03/22/2017,Auto
36812323,27931854,Other driver error,01/27/2017,Auto
63544225,86062955,Crime,08/30/2018,Auto
4669941,70068,Driver error,11/06/2017,Auto
64395359,77337624,Other causes,05/22/2017,Auto
25634799,36457152,Driver error,01/01/2017,Auto
31654316,67359535,Other driver error,04/05/2017,Home
49499709,38907463,Driver error,05/15/2017,Auto
45415342,43384286,Other causes,06/03/2018,Auto
72734097,18696192,Driver error,07/01/2017,Auto
94707309,27981652,Crime,02/17/2017,Auto
84750181,34691767,Other driver error,03/09/2017,Home
58380749,47497964,Other driver error,12/10/2017,Auto
42345842,6794881,Other causes,12/24/2017,Auto
54103924,26044648,Driver error,04/24/2018,Auto
48099288,10605433,Other causes,10/09/2018,Auto
57896241,11113092,Driver error,04/05/2017,Auto
70730377,83523623,Driver error,03/14/2018,Auto
6125426,61143364,Other driver error,01/13/2018,Auto
48227009,71246528,Natural causes,01/20/2018,Auto
86308184,66730599,Other driver error,08/04/2017,Auto
69065193,94242984,Other driver error,10/09/2018,Auto
79846638,95444389,Crime,03/09/2017,Auto
38047917,47371265,Driver error,12/17/2017,Auto
73611258,18736499,Other driver error,08/11/2017,Auto
14696479,58956535,Other causes,02/23/2017,Auto
25166037,6683382,Other driver error,04/12/2017,Home
1123356,50906515,Crime,08/23/2018,Auto
97162684,71712774,Other causes,08/18/2017,Auto
95055469,24181936,Crime,08/18/2017,Auto
56985179,7575702,Driver error,10/17/2017,Auto
69039320,25993027,Driver error,06/03/2018,Auto
84514444,22476290,Other causes,07/08/2017,Auto
79953263,75954321,Other causes,03/28/2018,Auto
15557396,50921792,Other causes,10/17/2017,Auto
95002919,21915563,Natural causes,06/30/2018,Home
7612094,75623323,Natural causes,09/06/2018,Auto
53260501,48509529,Natural causes,03/02/2017,Auto
92072156,87476916,Natural causes,09/12/2018,Auto
77570823,25416969,Natural causes,06/25/2017,Auto
69010101,24709692,Natural causes,04/25/2017,Auto
1223055,26773102,Natural causes,10/31/2017,Auto
9884792,92714664,Driver error,09/14/2017,Auto
1144598,3502909,Driver error,03/22/2017,Auto
59716520,26836009,Other causes,11/27/2017,Home
59056552,43253975,Driver error,06/30/2018,Auto
25164999,9075822,Other driver error,03/08/2018,Auto
70761779,34549771,Other causes,08/24/2017,Auto
62934102,1756485,Other driver error,05/21/2018,Auto
11472207,75847149,Natural causes,12/30/2017,Auto
97856694,1624094,Natural causes,03/02/2017,Auto
86818440,13132889,Other causes,03/21/2018,Auto
66433138,22577147,Driver error,02/23/2017,Auto
87806611,24589924,Other causes,03/14/2018,Auto
36252121,43099766,Driver error,11/06/2017,Auto
19916012,85048276,Driver error,01/14/2017,Auto
79440308,43196799,Other causes,05/22/2017,Auto
23116437,49818123,Other driver error,01/21/2017,Auto
58957713,7292900,Other causes,07/22/2017,Auto
4798021,76290659,Other driver error,05/01/2018,Auto
83441797,84441293,Other driver error,05/07/2018,Auto
30154531,12379231,Other causes,10/04/2017,Auto
38117638,47755129,Other driver error,02/03/2017,Auto
12112711,30272514,Other driver error,03/16/2017,Auto
4652602,86258669,Other causes,08/16/2018,Auto
45187280,95320599,Other causes,08/11/2017,Auto
77930023,59321838,Driver error,07/01/2017,Auto
58934617,72555621,Other causes,09/19/2018,Auto
41182960,83266482,Other causes,07/27/2018,Home
64488618,88595857,Driver error,10/17/2017,Auto
59793026,76745084,Other driver error,09/07/2017,Auto
86621072,16468239,Other causes,07/20/2018,Auto
47250458,51476665,Driver error,12/30/2017,Auto
35163792,45642452,Other causes,07/20/2018,Auto
93871952,72815943,Other driver error,07/20/2018,Auto
32464636,99281527,Driver error,10/31/2017,Auto
7583158,14638010,Other driver error,03/16/2017,Auto
80670612,8962657,Other driver error,04/10/2018,Auto
21840201,58488479,Driver error,02/09/2018,Auto
29130403,40759519,Driver error,10/03/2018,Auto
89806715,32110693,Crime,08/30/2018,Auto
56016139,93285588,Natural causes,04/04/2018,Auto
20028241,88210615,Driver error,05/29/2017,Auto
98341654,84019240,Crime,12/03/2017,Auto
44643917,21491548,Other driver error,09/06/2018,Auto
76185878,45568058,Driver error,11/27/2017,Auto
18665169,63762170,Other causes,07/22/2017,Auto
17177153,28889442,Other causes,09/20/2017,Auto
84736739,61678713,Other driver error,12/03/2017,Auto
20110599,6234135,Other causes,04/05/2017,Auto
15635627,37251197,Other causes,08/10/2018,Auto
3374112,95057151,Natural causes,03/01/2018,Auto
78415715,16011067,Natural causes,10/10/2017,Auto
83080037,63446024,Driver error,01/13/2018,Auto
74017955,61885878,Driver error,12/30/2017,Auto
33372791,59248480,Other causes,06/18/2017,Auto
48874104,11123788,Natural causes,01/14/2017,Auto
61822144,45511318,Driver error,08/11/2017,Auto
95418320,23742797,Driver error,08/30/2018,Auto
26450621,59407693,Natural causes,05/21/2018,Auto
64622520,46459799,Natural causes,11/27/2017,Auto
32521691,92089192,Driver error,10/16/2018,Auto
39444603,28708429,Driver error,12/03/2017,Auto
48960366,75363718,Driver error,04/04/2018,Auto
80701300,15267466,Other causes,09/06/2018,Auto
13275896,38645590,Natural causes,08/04/2017,Auto
62816998,27334507,Other driver error,05/02/2017,Auto
85700566,85427127,Other causes,01/13/2018,Auto
81138909,9552601,Other causes,03/22/2017,Auto
31115028,5182265,Other driver error,03/28/2018,Auto
59843845,27490821,Driver error,10/03/2018,Auto
75471235,39605405,Natural causes,08/10/2018,Auto
37365245,5425811,Natural causes,01/14/2017,Auto
30886292,91660260,Other driver error,08/24/2017,Auto
20094340,30877914,Natural causes,09/07/2017,Auto
40948894,8981804,Other driver error,08/24/2017,Auto
59903277,18428326,Other causes,03/29/2017,Auto
4412055,80956687,Other causes,06/30/2018,Auto
63302691,81516433,Crime,05/21/2018,Auto
69473158,50068652,Driver error,08/30/2018,Auto
30943507,58428742,Driver error,05/21/2018,Auto
88072232,78382955,Other driver error,06/04/2017,Auto
17859000,49401942,Crime,02/10/2017,Auto
44758258,69139904,Driver error,06/18/2017,Auto
59389375,43043339,Other causes,12/17/2017,Auto
56357617,11023718,Natural causes,04/04/2018,Auto
82034436,76743826,Other causes,12/24/2017,Auto
85532819,50964521,Driver error,11/06/2017,Auto
23741962,73283463,Other causes,08/16/2018,Auto
96543848,64388927,Other driver error,08/31/2017,Auto
91135917,81102722,Other driver error,09/12/2018,Auto
524545,35782742,Other driver error,07/27/2018,Auto
89479887,75276533,Driver error,03/09/2017,Home
73495163,42320818,Driver error,12/03/2017,Auto
49889657,60904940,Natural causes,05/01/2018,Auto
96931053,32944599,Other causes,06/23/2018,Home
1300972,4881066,Crime,03/21/2018,Home
83887508,96406656,Crime,11/06/2017,Auto
53897607,89967218,Other causes,03/02/2017,Auto
92392817,63627029,Other driver error,12/24/2017,Auto
75086914,75778891,Other causes,04/10/2018,Auto
27868943,88804995,Other driver error,11/27/2017,Auto
42238302,73841606,Driver error,11/13/2017,Auto
83882449,49124611,Driver error,09/20/2017,Home
53191091,40460618,Crime,03/22/2017,Auto
55836042,64046224,Driver error,03/08/2018,Home
19796899,9124181,Other driver error,04/04/2018,Auto
42014103,42019165,Driver error,12/30/2017,Home
66632396,57175639,Driver error,08/11/2017,Auto
34778857,56413364,Driver error,04/25/2017,Auto
28437868,4257735,Other driver error,09/26/2018,Auto
85641672,98954915,Crime,03/14/2018,Auto
86985239,49758082,Driver error,06/18/2017,Auto
19409471,2434059,Other driver error,06/18/2017,Auto
98537509,70156112,Driver error,06/03/2018,Auto
36871042,25838638,Other causes,04/25/2017,Auto
62206180,16726169,Driver error,06/17/2018,Auto
6448629,74582054,Other causes,04/17/2018,Auto
30197131,78146904,Other driver error,06/17/2018,Auto
7988398,95997859,Driver error,07/22/2017,Auto
13687085,37688454,Driver error,01/13/2018,Auto
30864915,32756328,Driver error,05/28/2018,Auto
44665885,80167666,Other driver error,07/07/2018,Auto
14604149,2772206,Driver error,03/29/2017,Auto
9600820,41574198,Other causes,09/06/2018,Auto
54275114,51377827,Other driver error,05/14/2018,Auto
24065986,81369109,Natural causes,10/03/2018,Home
52208972,62827687,Other causes,02/02/2018,Home
13435761,22489374,Natural causes,04/18/2017,Auto
64916376,55881539,Other causes,01/27/2017,Auto
35895151,49545697,Driver error,03/08/2018,Auto
8201624,2248378,Natural causes,05/22/2017,Auto
55933927,21658094,Other causes,07/20/2018,Home
65899365,86096444,Driver error,07/14/2018,Auto
57025376,32067078,Other driver error,05/15/2017,Auto
92189083,96864459,Natural causes,05/28/2018,Auto
83836752,45600936,Other driver error,04/24/2018,Auto
43806629,85493235,Other driver error,07/07/2018,Home
7303971,65990431,Natural causes,06/03/2018,Auto
35189228,52113932,Driver error,06/17/2018,Home
47879133,33229705,Natural causes,02/22/2018,Auto
25550440,31609133,Natural causes,03/08/2018,Auto
38718253,48386458,Other causes,11/13/2017,Auto
44632301,37692448,Other driver error,01/06/2018,Auto
46691405,50552314,Other causes,07/22/2017,Auto
96395873,59164542,Crime,09/20/2017,Auto
25582668,35976362,Natural causes,06/11/2017,Auto
21969808,61950339,Natural causes,05/21/2018,Auto
56525103,86644908,Other driver error,04/17/2018,Auto
59510159,98940053,Other driver error,05/15/2017,Auto
76666463,49974494,Crime,08/11/2017,Auto
10330113,26308516,Other causes,12/17/2017,Auto
85250389,9129053,Other driver error,03/02/2017,Auto
17330419,13865732,Crime,03/16/2017,Auto
62935855,53902980,Other driver error,08/18/2017,Auto
27304494,52239485,Other causes,06/17/2018,Auto
15820948,53831641,Driver error,09/27/2017,Auto
25989608,97044473,Other driver error,06/18/2017,Auto
64214079,55084633,Other causes,06/18/2017,Auto
58468142,54580698,Natural causes,05/09/2017,Auto
12108789,39063220,Other causes,03/14/2018,Auto
25365364,37576598,Other causes,02/10/2017,Auto
76339681,70575561,Crime,09/06/2018,Home
97514724,97666948,Driver error,01/01/2017,Home
14501963,6429479,Driver error,10/24/2017,Auto
41673539,76762783,Crime,01/06/2018,Auto
47730331,45452514,Other causes,08/23/2018,Home
91180828,39518274,Other causes,09/26/2018,Auto
86237672,32160912,Natural causes,02/09/2018,Auto
47437882,6313876,Other driver error,06/25/2017,Auto
87092211,62249925,Driver error,10/09/2018,Auto
49820646,80402957,Driver error,09/06/2018,Auto
77542013,27354249,Driver error,05/15/2017,Auto
40950455,24770112,Natural causes,08/24/2017,Auto
97115629,66888980,Other causes,04/04/2018,Auto
30831279,68461060,Other causes,01/27/2017,Auto
28866353,54174244,Crime,09/14/2017,Auto
23142036,24522981,Other driver error,08/04/2017,Auto
89986804,6643536,Other causes,11/27/2017,Auto
44467682,80758625,Driver error,04/04/2018,Home
45812655,80523716,Driver error,10/16/2018,Home
49531152,48518908,Driver error,01/21/2017,Auto
5152503,18739929,Crime,01/07/2017,Auto
41093135,94983660,Driver error,03/08/2018,Auto
61806100,73658027,Crime,09/20/2017,Auto
81909700,81308209,Natural causes,04/04/2018,Home
7891758,39795153,Natural causes,07/07/2018,Auto
95560169,29685280,Other driver error,02/23/2017,Auto
48477566,77152566,Other driver error,03/22/2017,Auto
84147585,30280492,Driver error,01/07/2017,Auto
85357756,23938559,Driver error,02/23/2017,Auto
53539195,2432399,Other causes,12/24/2017,Home
9775143,72674711,Other driver error,06/03/2018,Auto
39959491,54642809,Driver error,09/06/2018,Auto
69355027,98163164,Crime,09/26/2018,Auto
95639174,3679965,Natural causes,08/04/2017,Auto
82028774,68733687,Driver error,03/29/2017,Auto
48673624,83531718,Driver error,10/10/2017,Auto
41009394,89824066,Other causes,02/23/2017,Auto
42726730,47009317,Other causes,05/07/2018,Auto
18062339,75950191,Driver error,10/03/2018,Auto
6540281,19454050,Other causes,01/13/2018,Auto
61582066,41214204,Natural causes,02/15/2018,Auto
49058491,14042956,Crime,10/17/2017,Auto
3124373,42133860,Natural causes,01/21/2017,Auto
5345468,7265365,Other causes,07/08/2017,Auto
84147585,78221963,Driver error,04/10/2018,Auto
85357756,1654201,Driver error,06/23/2018,Auto
53539195,41779510,Driver error,10/03/2018,Home
47153140,47786788,Natural causes,10/24/2017,Auto
34369658,2725264,Other causes,05/22/2017,Auto
14477985,7384147,Natural causes,05/02/2017,Auto
66521317,36174594,Natural causes,03/16/2017,Auto
9081086,91772998,Driver error,04/24/2018,Auto
47237571,8216191,Other causes,08/16/2018,Home
30308357,63017412,Driver error,04/04/2018,Auto
47830476,91609100,Natural causes,04/12/2017,Auto
19269962,39219616,Other causes,09/26/2018,Auto
21831191,91475471,Driver error,02/09/2018,Auto
91010040,67389802,Crime,08/16/2018,Auto
69050904,17961815,Natural causes,07/14/2018,Auto
69128619,16637107,Natural causes,08/23/2018,Home
76933532,18226024,Other causes,01/26/2018,Auto
25174766,83706832,Other driver error,02/23/2017,Auto
38923726,38488079,Other causes,07/27/2018,Auto
53225913,30691877,Crime,10/31/2017,Auto
83086717,52826622,Driver error,02/17/2017,Auto
40460125,22476903,Other causes,02/03/2017,Auto
88200222,86506515,Crime,03/28/2018,Auto
88878373,69620654,Other causes,01/21/2017,Auto
97545319,3487779,Crime,06/30/2018,Auto
64610611,75470279,Driver error,01/26/2018,Auto
24310699,48386154,Natural causes,01/26/2018,Auto
42569977,52262269,Other driver error,04/18/2017,Auto
34803042,79783763,Driver error,03/21/2018,Auto
25512276,89665136,Driver error,11/13/2017,Auto
9205013,40283824,Driver error,06/17/2018,Auto
29517588,74043997,Natural causes,08/03/2018,Auto
71462870,45864947,Crime,11/13/2017,Auto
53886536,54333326,Driver error,07/28/2017,Auto
89279737,93183406,Driver error,10/31/2017,Auto
5027573,8199355,Natural causes,02/10/2017,Auto
69204774,10852541,Other causes,05/01/2018,Auto
9466593,21734808,Driver error,08/11/2017,Auto
30679789,10245277,Crime,06/10/2018,Auto
15000907,63191767,Driver error,07/08/2017,Auto
96795364,52752958,Other causes,11/13/2017,Auto
33152432,31711102,Other driver error,03/01/2018,Auto
42867092,64659108,Other causes,05/28/2018,Auto
47145694,72987943,Other driver error,08/31/2017,Auto
72833735,79708200,Crime,04/24/2018,Auto
3771583,97455990,Other causes,01/27/2017,Auto
8609975,51408016,Natural causes,02/10/2017,Auto
29235935,44394229,Driver error,08/24/2017,Auto
35459428,90369587,Driver error,03/09/2017,Auto
2917414,31487982,Other causes,03/16/2017,Auto
55982230,15510973,Other driver error,01/06/2018,Auto
69872861,40870759,Other causes,03/02/2017,Home
44866465,81034752,Other causes,11/13/2017,Auto
39554038,77521871,Driver error,07/14/2018,Auto
14712345,23669610,Natural causes,01/20/2018,Auto
41660480,61635645,Driver error,06/23/2018,Home
53981675,95115614,Driver error,03/21/2018,Auto
287476,45780237,Natural causes,10/17/2017,Auto
58378868,46992958,Driver error,04/10/2018,Auto
62960540,37713174,Other causes,06/03/2018,Auto
36780334,13952270,Natural causes,02/22/2018,Auto
17814402,45544311,Driver error,02/03/2017,Auto
4420512,4342527,Natural causes,01/07/2017,Auto
51485708,16347699,Crime,09/19/2018,Auto
71496799,88554126,Natural causes,06/04/2017,Auto
85983291,74280541,Other causes,05/07/2018,Auto
29500814,8623615,Crime,03/09/2017,Auto
74351384,41352743,Driver error,07/20/2018,Auto
72363224,78204177,Natural causes,01/13/2018,Auto
41106063,47463520,Driver error,10/03/2018,Home
57043846,38818122,Other causes,04/05/2017,Auto
31740446,36164960,Natural causes,03/09/2017,Auto
17690710,3271117,Crime,07/28/2017,Auto
50771198,73337887,Other causes,04/05/2017,Auto
23460895,73456426,Other causes,08/10/2018,Auto
33628817,50234626,Other causes,04/12/2017,Auto
32791401,85883298,Driver error,06/18/2017,Auto
86491727,32178193,Driver error,10/30/2018,Home
99674324,4549014,Other causes,07/07/2018,Auto
81371138,57099061,Other causes,07/28/2017,Auto
30199988,16326173,Other causes,07/28/2017,Auto
20299691,90831325,Natural causes,10/04/2017,Auto
40591588,80286970,Driver error,04/25/2017,Auto
28871739,86285484,Other causes,10/09/2018,Auto
46995469,91324151,Driver error,08/24/2017,Auto
8774687,71690988,Other causes,01/20/2018,Auto
42083451,6365892,Driver error,08/31/2017,Auto
50560987,36047575,Other causes,09/06/2018,Auto
88881248,68716231,Driver error,04/24/2018,Auto
30060683,57073975,Other causes,01/21/2017,Auto
28999720,12839550,Crime,07/01/2017,Auto
40971431,92426104,Other causes,01/14/2017,Auto
46866733,97877027,Other driver error,05/07/2018,Auto
6563653,24499029,Other causes,06/23/2018,Auto
9959859,68477126,Crime,04/12/2017,Auto
71404791,75728799,Other driver error,09/20/2017,Auto
73491590,90380974,Other causes,10/17/2017,Home
11429044,70157196,Other driver error,09/07/2017,Auto
45634936,3109692,Other driver error,07/07/2018,Auto
71108576,45237349,Driver error,01/26/2018,Auto
9017128,54356654,Other causes,03/16/2017,Auto
72587271,17339152,Other causes,10/17/2017,Auto
12673582,77576085,Other causes,10/31/2017,Auto
44821508,51004421,Crime,01/06/2018,Home
85683729,77750303,Other causes,03/14/2018,Auto
90115894,94869704,Natural causes,10/04/2017,Auto
45566276,51895230,Natural causes,10/31/2017,Auto
12827745,88838829,Natural causes,10/31/2017,Auto
28590552,26678377,Other causes,10/23/2018,Auto
15965441,74826240,Driver error,01/06/2018,Auto
12779308,71212663,Other causes,04/04/2018,Auto
53719176,43635378,Other driver error,05/14/2018,Auto
51842360,75624437,Other causes,01/27/2017,Home
56398264,20605494,Natural causes,01/06/2018,Auto
73898057,34947297,Other causes,03/21/2018,Auto
2476913,92782157,Driver error,09/07/2017,Auto
66267050,94080912,Other causes,12/30/2017,Auto
46551094,78194735,Other driver error,07/20/2018,Auto
5061178,80180191,Other driver error,07/08/2017,Auto
29323970,58878919,Driver error,01/01/2017,Auto
67243622,6342208,Other driver error,01/20/2018,Auto
62861487,39476021,Other causes,10/23/2018,Auto
98083433,24782645,Driver error,05/02/2017,Auto
15681024,30927069,Natural causes,03/22/2017,Auto
92644503,65211497,Other driver error,11/20/2017,Auto
65916260,98646052,Other driver error,07/07/2018,Auto
34953203,43489145,Other driver error,02/23/2017,Auto
99961993,47262068,Driver error,10/23/2018,Home
42098367,16286241,Other causes,10/09/2018,Auto
9130038,51587897,Natural causes,08/31/2017,Auto
80562391,2228834,Crime,03/29/2017,Auto
28932340,25213498,Driver error,10/30/2018,Auto
79212942,86303772,Other driver error,06/23/2018,Auto
5864769,63268924,Crime,12/30/2017,Auto
3955265,30225071,Other causes,02/17/2017,Auto
42882285,18824405,Natural causes,01/21/2017,Auto
96134505,38416376,Other driver error,05/22/2017,Auto
8375366,46163490,Crime,12/03/2017,Auto
82000019,23027360,Driver error,03/08/2018,Auto
30394029,90155895,Other driver error,07/20/2018,Auto
51525336,95712960,Other causes,06/04/2017,Auto
54963034,10714529,Crime,08/03/2018,Auto
90876878,20402925,Driver error,07/27/2018,Auto
16216085,19571605,Other causes,01/20/2018,Auto
11982382,67588341,Other driver error,09/19/2018,Auto
33290806,7014549,Driver error,01/14/2017,Auto
39628347,24046062,Other causes,12/10/2017,Auto
84277947,65853604,Natural causes,11/06/2017,Auto
95856464,30981307,Crime,05/29/2017,Auto
67335009,45469731,Other causes,04/18/2017,Auto
8765210,99553356,Other causes,07/08/2017,Auto
77765211,94540900,Driver error,05/01/2018,Home
39035416,91784105,Other causes,08/11/2017,Auto
5264479,82709186,Other causes,07/28/2017,Auto
24769711,40794950,Driver error,02/10/2017,Auto
98142348,97253910,Other causes,07/22/2017,Auto
22328083,17672041,Other causes,05/02/2017,Auto
85984961,42920871,Natural causes,05/14/2018,Auto
46937376,4401566,Natural causes,06/18/2017,Auto
54252815,89430255,Other causes,03/14/2018,Auto
17774827,64295252,Other causes,10/10/2017,Auto
80544918,60065436,Crime,08/11/2017,Auto
18818283,12799217,Natural causes,10/23/2018,Auto
22370979,49968358,Other driver error,02/17/2017,Auto
88623068,78332196,Other causes,12/17/2017,Auto
89044601,56742072,Driver error,10/24/2017,Auto
73876237,98596005,Driver error,09/12/2018,Auto
47585713,39451038,Other causes,03/29/2017,Auto
16981057,19691755,Other causes,03/09/2017,Auto
32301882,35445367,Crime,03/21/2018,Auto
16717085,66768314,Other causes,06/11/2017,Auto
75192560,68843304,Other driver error,06/23/2018,Auto
24715429,28290047,Natural causes,03/28/2018,Auto
2121802,73088898,Other causes,02/17/2017,Auto
30966524,23145140,Natural causes,04/17/2018,Auto
63238733,72238494,Other causes,09/07/2017,Auto
39608351,58812093,Natural causes,04/10/2018,Auto
16453494,20354423,Other driver error,04/17/2018,Auto
92789350,85043191,Other driver error,02/02/2018,Auto
83706741,44561119,Crime,12/24/2017,Auto
92400577,58673943,Other causes,06/23/2018,Auto
90646435,84632427,Other causes,09/19/2018,Auto
56229221,62312763,Natural causes,05/15/2017,Auto
63788489,52747205,Driver error,08/11/2017,Auto
49187749,7838178,Other causes,10/10/2017,Auto
58144290,10442615,Other causes,07/07/2018,Auto
21330507,38981782,Other causes,01/20/2018,Home
21066098,97484739,Crime,01/27/2017,Auto
46673661,72837991,Other causes,10/03/2018,Home
48477164,88815908,Driver error,09/07/2017,Home
42351519,68826444,Other causes,04/25/2017,Auto
25879245,18702553,Other causes,07/01/2017,Auto
86301193,83092374,Driver error,08/24/2017,Home
12996134,45401148,Natural causes,07/22/2017,Home
44003496,80621398,Crime,08/30/2018,Auto
89737711,35373452,Other causes,03/28/2018,Auto
32560779,74625948,Other causes,09/14/2017,Auto
8039037,42553935,Other causes,06/04/2017,Auto
68723599,46925508,Other driver error,07/01/2017,Auto
46129941,42530425,Crime,10/17/2017,Auto
58098499,39745422,Other causes,11/27/2017,Auto
12377926,32299664,Driver error,03/28/2018,Home
20444103,27069739,Crime,08/16/2018,Auto
89456307,89389379,Natural causes,10/04/2017,Auto
15166995,95618668,Other causes,01/13/2018,Auto
38384757,30888574,Other causes,07/07/2018,Auto
74219574,98881244,Other driver error,03/02/2017,Auto
3967610,12086981,Other driver error,02/10/2017,Auto
441097,89833962,Other causes,03/21/2018,Auto
86992868,74884043,Driver error,08/03/2018,Auto
78277006,60980916,Other causes,07/15/2017,Auto
83499843,85222695,Driver error,12/17/2017,Auto
71585789,73426298,Driver error,05/09/2017,Home
6342530,42449662,Other driver error,10/23/2018,Home
72081129,87951152,Crime,10/23/2018,Auto
2413612,39338816,Other causes,11/20/2017,Home
263204,40953049,Other causes,04/04/2018,Auto
8733543,70338835,Natural causes,03/16/2017,Auto
14792193,70820592,Other driver error,06/10/2018,Auto
80581271,92734593,Driver error,05/02/2017,Auto
18426154,58440592,Other causes,01/07/2017,Auto
85689455,69374918,Other driver error,04/18/2017,Auto
64270813,52976799,Other driver error,08/24/2017,Auto
51547112,49234916,Driver error,07/28/2017,Auto
48609526,14015336,Driver error,04/05/2017,Auto
49759488,94060921,Driver error,02/09/2018,Auto
56075921,27638017,Other driver error,02/22/2018,Auto
76916649,27133312,Other driver error,06/25/2017,Home
47565478,2893823,Natural causes,05/09/2017,Auto
18282409,94983900,Driver error,08/11/2017,Auto
8715802,41574371,Natural causes,05/29/2017,Auto
42708350,33062200,Driver error,06/18/2017,Auto
39405635,58366436,Other causes,05/09/2017,Auto
48038858,76730919,Other causes,03/02/2017,Auto
15880215,33341864,Other driver error,05/29/2017,Auto
13088377,60127984,Other causes,10/10/2017,Auto
88870543,43930771,Other driver error,03/01/2018,Auto
9339845,61586929,Driver error,10/23/2018,Auto
13926634,14102754,Other causes,10/03/2018,Auto
18307355,44965194,Other causes,02/15/2018,Auto
50436220,14547597,Other driver error,02/02/2018,Auto
66353946,78381090,Other driver error,01/20/2018,Auto
39881716,15294101,Other driver error,01/26/2018,Auto
28239393,68295218,Other driver error,10/23/2018,Auto
5237129,99688746,Driver error,06/17/2018,Auto
19521118,60574108,Crime,10/17/2017,Auto
14892213,1897779,Other driver error,01/21/2017,Auto
53442249,41282358,Other causes,02/23/2017,Auto
45971331,11175466,Natural causes,01/20/2018,Auto
79889146,12295612,Natural causes,04/24/2018,Auto
21774335,64295975,Natural causes,09/06/2018,Auto
66284489,51489109,Other driver error,03/09/2017,Auto
72488905,29515311,Other causes,11/06/2017,Auto
93910149,60583331,Crime,05/21/2018,Auto
77116501,32759962,Other driver error,09/27/2017,Auto
95822358,68432724,Other driver error,02/22/2018,Auto
54699348,56479721,Natural causes,11/27/2017,Home
96496046,15618827,Driver error,02/15/2018,Auto
73869005,39893971,Other driver error,08/18/2017,Auto
83827717,31031965,Natural causes,09/27/2017,Auto
55401227,73781214,Natural causes,10/31/2017,Auto
80295008,73470467,Other causes,01/20/2018,Auto
28820055,75509840,Other causes,10/04/2017,Auto
93455439,94747735,Natural causes,04/24/2018,Home
19478893,37998905,Natural causes,01/14/2017,Auto
45419022,27093779,Other causes,05/07/2018,Auto
49583926,72563310,Other causes,04/25/2017,Auto
72296323,3877364,Driver error,07/07/2018,Home
10149231,77526829,Other causes,04/24/2018,Auto
93009704,50804841,Driver error,10/03/2018,Auto
60987956,93323222,Other driver error,05/22/2017,Auto
68709394,56764164,Other driver error,01/14/2017,Auto
27878628,60095092,Crime,04/17/2018,Auto
90085898,4607758,Natural causes,10/03/2018,Auto
56098966,11581354,Driver error,02/09/2018,Auto
69317965,8299275,Driver error,06/11/2017,Auto
81968615,77574216,Natural causes,07/15/2017,Auto
83223514,84713547,Other driver error,05/14/2018,Auto
78341228,4812972,Natural causes,09/12/2018,Auto
41462913,34508507,Other driver error,02/17/2017,Auto
80905889,11448070,Other driver error,05/02/2017,Auto
93822307,88944238,Natural causes,12/30/2017,Auto
4889449,92066571,Other driver error,03/09/2017,Auto
98199694,18265792,Driver error,04/05/2017,Auto
50460892,57389964,Other driver error,02/15/2018,Auto
42664554,42280334,Other causes,01/01/2017,Auto
94943525,81995072,Driver error,08/30/2018,Auto
45434540,24456983,Natural causes,01/13/2018,Auto
88544496,64240245,Other causes,03/21/2018,Auto
36544565,95800760,Other driver error,05/21/2018,Auto
90234480,1627727,Other causes,06/11/2017,Auto
40801256,25730111,Driver error,02/23/2017,Auto
67052896,70350962,Driver error,04/17/2018,Auto
15323667,13820212,Driver error,10/09/2018,Auto
67070056,86202352,Other causes,02/03/2017,Auto
20607084,60062359,Other driver error,01/13/2018,Auto
86886743,84492004,Other causes,06/04/2017,Home
52995625,87291535,Other causes,04/05/2017,Auto
63137507,1342627,Driver error,10/10/2017,Auto
56250763,23693541,Other causes,04/12/2017,Auto
35593972,84040371,Other causes,02/09/2018,Home
86820732,16259239,Natural causes,08/24/2017,Auto
45113346,91473446,Other causes,04/18/2017,Home
54668401,39454053,Natural causes,01/20/2018,Auto
80002521,66931197,Natural causes,05/15/2017,Auto
14664886,15719219,Other causes,08/24/2017,Auto
29903212,7136079,Driver error,06/17/2018,Auto
95628948,61933109,Driver error,07/14/2018,Auto
39497409,54131824,Other driver error,03/01/2018,Auto
77006226,21146312,Driver error,02/15/2018,Auto
23252820,48945235,Other causes,10/04/2017,Auto
96116969,28439096,Natural causes,01/20/2018,Auto
46076664,33479837,Driver error,06/17/2018,Auto
91322083,93697901,Other causes,05/15/2017,Auto
34414080,56728149,Other causes,10/16/2018,Auto
87607433,10494374,Driver error,01/20/2018,Auto
99892000,22960702,Driver error,11/13/2017,Auto
74633480,7299594,Other causes,12/30/2017,Auto
16859101,57309481,Other driver error,04/18/2017,Auto
92362143,43076500,Other driver error,04/25/2017,Auto
41291823,80228119,Other driver error,12/24/2017,Auto
46710738,74761374,Driver error,10/30/2018,Auto
47415706,77192370,Other driver error,08/04/2017,Auto
83944124,85699790,Crime,10/24/2017,Auto
58198965,3258377,Other driver error,12/17/2017,Auto
80503762,72439038,Other causes,02/10/2017,Auto
15214936,65407446,Driver error,11/13/2017,Auto
81970531,34485325,Driver error,10/31/2017,Auto
12826843,834460,Crime,10/24/2017,Home
20643817,8586230,Natural causes,10/17/2017,Auto
38369440,3159125,Natural causes,05/01/2018,Auto
69427973,93334054,Other causes,03/22/2017,Auto
3497881,67873056,Driver error,11/27/2017,Auto
46678650,4337976,Other driver error,07/01/2017,Auto
17664425,69599342,Driver error,01/21/2017,Auto
41128407,85590604,Other causes,01/07/2017,Auto
75884493,3110549,Other driver error,09/06/2018,Auto
22580068,71846514,Other driver error,05/28/2018,Auto
49170442,90284502,Other causes,05/07/2018,Auto
76962128,6099788,Natural causes,04/10/2018,Auto
72991636,43244704,Natural causes,07/28/2017,Auto
24053072,45780412,Natural causes,10/10/2017,Auto
68458649,13883455,Natural causes,08/31/2017,Auto
98401399,35136402,Natural causes,09/06/2018,Auto
8310837,73875239,Other driver error,01/07/2017,Auto
99170243,1249826,Other driver error,01/21/2017,Auto
33314915,15818104,Other driver error,03/28/2018,Auto
58693933,55042907,Driver error,05/09/2017,Auto
65898442,22670081,Natural causes,09/27/2017,Auto
40303052,24713082,Driver error,06/30/2018,Home
94030912,40182876,Other causes,07/07/2018,Auto
76282379,92237733,Other causes,10/16/2018,Auto
62528525,89085163,Natural causes,09/07/2017,Auto
69526996,67252475,Crime,07/28/2017,Auto
88566888,46452514,Crime,10/09/2018,Auto
30015627,66301062,Natural causes,09/12/2018,Auto
70088729,30422665,Driver error,01/07/2017,Home
53042145,9261301,Other causes,10/23/2018,Auto
12499211,49457139,Other causes,08/16/2018,Auto
3915010,79750669,Other causes,10/16/2018,Auto
23094322,7944120,Other causes,08/10/2018,Home
95863439,519194,Natural causes,03/29/2017,Home
72212627,76136365,Crime,03/02/2017,Auto
49164086,75321090,Other driver error,04/25/2017,Auto
44050095,17396013,Driver error,03/22/2017,Auto
10198314,50022306,Other causes,05/01/2018,Auto
84861652,60050677,Natural causes,06/03/2018,Auto
88489646,88309120,Other driver error,10/17/2017,Auto
89364843,12015495,Other causes,09/27/2017,Auto
29459103,78685929,Natural causes,07/01/2017,Auto
86164274,16402994,Other causes,09/26/2018,Home
41858669,55314900,Driver error,07/14/2018,Auto
9113953,58070797,Other causes,04/10/2018,Home
6984936,83283000,Driver error,06/10/2018,Auto
37686146,26832,Other causes,07/07/2018,Auto
86088574,704775,Driver error,09/20/2017,Auto
73685982,16221546,Other driver error,05/02/2017,Home
63279444,94799556,Other causes,10/04/2017,Home
84080228,92320208,Natural causes,04/12/2017,Auto
99723844,35453672,Natural causes,01/06/2018,Auto
885337,86240106,Driver error,07/01/2017,Auto
22125988,14704752,Natural causes,07/07/2018,Auto
79391302,78672117,Other causes,06/04/2017,Auto
75483302,42731329,Natural causes,04/10/2018,Auto
86977672,71383085,Crime,01/07/2017,Auto
7703371,59393861,Natural causes,03/09/2017,Auto
69101618,93708812,Driver error,02/23/2017,Auto
20681481,89455788,Other causes,03/16/2017,Auto
9897266,4802134,Other causes,06/25/2017,Auto
69165409,78804570,Other causes,09/12/2018,Auto
97226830,7211846,Other driver error,04/04/2018,Auto
66788290,4186299,Driver error,05/21/2018,Auto
67697862,24121111,Other causes,08/16/2018,Auto
69623124,63877619,Other causes,05/21/2018,Auto
86445910,26344933,Natural causes,10/03/2018,Auto
48445766,97210536,Other driver error,02/15/2018,Auto
74787956,12612736,Driver error,09/14/2017,Auto
45364348,46839282,Driver error,11/20/2017,Auto
81661419,69454875,Driver error,04/04/2018,Auto
78301168,63402766,Other driver error,03/21/2018,Auto
91447671,51060336,Driver error,06/03/2018,Auto
23445933,26058387,Crime,12/30/2017,Auto
86320995,87968374,Other driver error,03/16/2017,Home
77134414,30903408,Other driver error,01/07/2017,Auto
71986983,35001150,Other driver error,07/20/2018,Auto
28528424,54291209,Other causes,07/14/2018,Auto
26346266,78011323,Driver error,02/03/2017,Auto
71259315,30441336,Natural causes,04/12/2017,Auto
78119838,92741962,Driver error,05/14/2018,Auto
27598176,22032611,Driver error,01/13/2018,Auto
83135621,65984723,Other driver error,08/18/2017,Auto
51760038,4338441,Other driver error,02/17/2017,Auto
91002298,99300549,Natural causes,04/05/2017,Auto
16906248,10271722,Other driver error,06/03/2018,Auto
93133213,35521654,Natural causes,03/01/2018,Home
18369428,22576028,Other causes,08/11/2017,Auto
71676845,83884815,Other driver error,07/27/2018,Auto
68067526,47990199,Driver error,07/15/2017,Auto
97169446,68110055,Other driver error,02/15/2018,Auto
44453657,28106228,Driver error,01/07/2017,Auto
32646041,60315464,Driver error,02/17/2017,Home
41946743,11179944,Other driver error,05/21/2018,Auto
74207825,24082779,Other driver error,04/24/2018,Home
24247743,61365788,Other causes,05/14/2018,Auto
69608621,50618311,Other causes,07/08/2017,Auto
72664684,67344180,Other causes,07/28/2017,Home
18174078,17213671,Other driver error,02/02/2018,Auto
34756508,39886036,Natural causes,07/07/2018,Auto
608461,7180084,Crime,07/14/2018,Auto
12015897,67060119,Driver error,10/09/2018,Auto
60965575,81779336,Other driver error,03/21/2018,Auto
81634435,93043462,Other driver error,01/27/2017,Home
67849662,37077391,Natural causes,06/25/2017,Auto
96439036,45865218,Other causes,08/10/2018,Auto
51033228,50927161,Driver error,10/23/2018,Auto
58451506,43042986,Natural causes,10/30/2018,Auto
26734721,42636878,Natural causes,09/14/2017,Auto
20923121,78104894,Natural causes,05/14/2018,Auto
56425562,38011383,Natural causes,09/14/2017,Auto
79174311,91976551,Natural causes,08/30/2018,Auto
30119782,31517760,Other driver error,10/17/2017,Auto
57267299,365998,Other driver error,12/03/2017,Auto
90217818,85546357,Other driver error,06/04/2017,Auto
70708127,67763980,Natural causes,09/19/2018,Auto
75934330,56358443,Natural causes,01/01/2017,Auto
71288937,77696516,Other causes,11/20/2017,Auto
81526763,15231655,Other causes,02/03/2017,Auto
78064067,50845008,Natural causes,09/06/2018,Auto
29854604,57326503,Other driver error,07/20/2018,Auto
8684318,91946746,Other driver error,02/03/2017,Home
46513280,25244745,Other causes,12/30/2017,Auto
6104555,65497756,Natural causes,07/28/2017,Auto
51669975,50800999,Other causes,09/19/2018,Home
3205230,14230070,Driver error,08/23/2018,Auto
87596868,36599575,Driver error,10/09/2018,Auto
82089910,28084004,Driver error,06/03/2018,Auto
57452643,87294246,Crime,01/21/2017,Home
65208809,91386759,Natural causes,10/30/2018,Auto
6756905,47457836,Driver error,01/21/2017,Auto
46850495,72025178,Other causes,11/27/2017,Auto
79539873,62020796,Other driver error,09/06/2018,Auto
42364152,63269067,Other causes,05/09/2017,Home
19888166,22690595,Other driver error,05/15/2017,Auto
11256802,12376894,Other driver error,04/18/2017,Auto
61575264,63226031,Natural causes,03/16/2017,Auto
2379897,5829074,Other causes,07/20/2018,Auto
49290530,12632133,Natural causes,10/30/2018,Auto
55466148,45052103,Driver error,12/03/2017,Auto
99120304,87003624,Other causes,03/22/2017,Auto
65061027,1680169,Natural causes,05/02/2017,Auto
82584690,56626640,Other driver error,08/24/2017,Auto
40349009,7280558,Crime,10/17/2017,Auto
55765343,74995596,Crime,06/30/2018,Auto
75409818,8475725,Other causes,07/07/2018,Auto
18332683,33194240,Other causes,11/13/2017,Auto
35951012,97727122,Other driver error,06/11/2017,Auto
14818669,10247193,Natural causes,03/14/2018,Auto
85322831,79807493,Other driver error,02/09/2018,Auto
73449366,69299345,Other causes,03/21/2018,Auto
43020876,58809728,Other driver error,06/04/2017,Auto
